CREATE TABLE STUDENTS (student_ID varchar2(20), stu_name varchar2(30), program varchar2(4));

CREATE TABLE GRADES (student_ID varchar2(20), course_ID varchar2(10), grade NUMBER);

CREATE TABLE COURSES (course_ID varchar2(10), cou_name varchar2(40), dept varchar2(4));



INSERT INTO STUDENTS VALUES ('020-999-999', 'Wendy Turnbull', 'CIS');

INSERT INTO STUDENTS VALUES ('110-001-002','Barry Clark','BSC');

INSERT INTO STUDENTS VALUES ('120-123-321','Greg Norman','CIS');

INSERT INTO STUDENTS VALUES ('130-333-444','Natasha Zvereva','CIS');

INSERT INTO STUDENTS VALUES ('150-100-100','Murray Campbell','UT');

INSERT INTO STUDENTS VALUES ('170-555-555','Dave Semenko','ARTS');

 

INSERT INTO GRADES VALUES ('130-333-444','BUAD123',92);

INSERT INTO GRADES VALUES ('130-333-444','COSC118',90);

INSERT INTO GRADES VALUES ('020-999-999','COSC121',88);

INSERT INTO GRADES VALUES ('130-333-444','COSC229',86);

INSERT INTO GRADES VALUES ('170-555-555','BUAD123',82);

INSERT INTO GRADES VALUES ('170-555-555','COSC118',75);

INSERT INTO GRADES VALUES ('020-999-999','BUAD123',88);



INSERT INTO COURSES VALUES ('BUAD123','Management Principles','BUAD');

INSERT INTO COURSES VALUES ('COSC111','Computer Programming I','COSC');

INSERT INTO COURSES VALUES ('COSC121','Computer Programming II','COSC');

INSERT INTO COURSES VALUES ('COSC118','Computer Networks','COSC');

INSERT INTO COURSES VALUES ('COSC229','Computer Graphics','COSC');

INSERT INTO COURSES VALUES ('COSC470','Software Engineering','COSC');

INSERT INTO COURSES VALUES ('MATH222','Calculus IV','MATH');

INSERT INTO COURSES VALUES ('MATH119','Mathematics for CIS I','MATH');

INSERT INTO COURSES VALUES ('MATH211','Modern Algebra','MATH');